{
  "popularity": {
    "hr@5": 0.006224066390041493,
    "ndcg@5": 0.004116010797473356,
    "recall@5": 0.006224066390041493,
    "precision@5": 0.0012448132780082989,
    "hr@10": 0.011558980438648489,
    "ndcg@10": 0.0058623441833126535,
    "recall@10": 0.011558980438648489,
    "precision@10": 0.0011558980438648489,
    "hr@20": 0.02074688796680498,
    "ndcg@20": 0.008151839976731303,
    "recall@20": 0.02074688796680498,
    "precision@20": 0.0010373443983402492
  },
  "mf": {
    "hr@5": 0.0005927682276229994,
    "ndcg@5": 0.00037399511177916867,
    "recall@5": 0.0005927682276229994,
    "precision@5": 0.0001185536455245999,
    "hr@10": 0.0005927682276229994,
    "ndcg@10": 0.00037399511177916867,
    "recall@10": 0.0005927682276229994,
    "precision@10": 5.927682276229995e-05,
    "hr@20": 0.0026674570243034974,
    "ndcg@20": 0.0009178033422112749,
    "recall@20": 0.0026674570243034974,
    "precision@20": 0.00013337285121517488
  },
  "bpr": {
    "hr@5": 0.0002963841138114997,
    "ndcg@5": 0.00018699755588958434,
    "recall@5": 0.0002963841138114997,
    "precision@5": 5.927682276229995e-05,
    "hr@10": 0.0008891523414344991,
    "ndcg@10": 0.0003714664828757198,
    "recall@10": 0.0008891523414344991,
    "precision@10": 8.891523414344992e-05,
    "hr@20": 0.0035566093657379964,
    "ndcg@20": 0.001069509508715911,
    "recall@20": 0.0035566093657379964,
    "precision@20": 0.00017783046828689984
  },
  "lightgcn": {
    "hr@5": 0.004445761707172495,
    "ndcg@5": 0.0034707524084239202,
    "recall@5": 0.004445761707172495,
    "precision@5": 0.0008891523414344991,
    "hr@10": 0.005927682276229994,
    "ndcg@10": 0.0039782848252040166,
    "recall@10": 0.005927682276229994,
    "precision@10": 0.0005927682276229994,
    "hr@20": 0.007113218731475993,
    "ndcg@20": 0.004292180459081209,
    "recall@20": 0.007113218731475993,
    "precision@20": 0.0003556609365737997
  },
  "hybrid": {
    "hr@5": 0.016597510373443983,
    "ndcg@5": 0.011878374131637342,
    "recall@5": 0.016597510373443983,
    "precision@5": 0.0033195020746887966,
    "hr@10": 0.022821576763485476,
    "ndcg@10": 0.013875025194236964,
    "recall@10": 0.022821576763485476,
    "precision@10": 0.0022821576763485474,
    "hr@20": 0.03230586840545347,
    "ndcg@20": 0.016245864053337774,
    "recall@20": 0.03230586840545347,
    "precision@20": 0.0016152934202726735
  }
}